Thrower_ID,successful,unsuccessful,total_predicted_success,total_lo,TAx
Ath15,1,0,0.43469252673098646,1,-0.5653074732690135
Ath16,3,2,3.489779254903051,5,0.4897792549030511
Ath2,23,7,22.689318138513134,30,-0.3106818614868665
Ath30,15,8,15.414864845991861,23,0.41486484599186113
