Thrower_ID,successful,unsuccessful,total_predicted_success,total_lo,TAx
Ath15,1,1,0.894571682840647,2,-0.10542831715935297
Ath16,3,2,3.558031069404003,5,0.5580310694040032
Ath2,41,15,41.440724574405216,56,0.4407245744052162
Ath30,72,23,70.0961604577767,95,-1.9038395422232952
