Thrower_ID,successful,unsuccessful,total_predicted_success,total_lo,TAx
Ath15,1,1,0.8103429734985033,2,-0.18965702650149674
Ath16,3,2,3.5883024576000735,5,0.5883024576000735
Ath2,41,15,42.389245514893425,56,1.3892455148934246
Ath30,36,19,36.04463137983875,55,0.044631379838747876
