Thrower_ID,successful,unsuccessful,total_predicted_success,total_lo,TAx
Ath15,1,1,0.9566969460671281,2,-0.04330305393287193
Ath16,3,2,3.6619515609491544,5,0.6619515609491544
Ath2,41,15,41.65422376152867,56,0.6542237615286695
Ath30,91,29,90.22661366023712,120,-0.7733863397628795
