Thrower_ID,successful,unsuccessful,total_predicted_success,total_lo,TAx
Ath15,1,1,0.9089510595068451,2,-0.09104894049315493
Ath16,3,2,3.648557110720494,5,0.6485571107204939
Ath2,41,15,41.70737760530303,56,0.7073776053030301
Ath30,85,28,84.0243608244291,113,-0.9756391755709046
