Thrower_ID,successful,unsuccessful,total_predicted_success,total_lo,TAx
Ath15,1,0,0.43279069678695425,1,-0.5672093032130457
Ath16,3,2,3.4903788168473033,5,0.49037881684730333
Ath2,23,7,22.738607333266373,30,-0.26139266673362727
Ath30,19,15,20.002108819531088,34,1.002108819531088
