Thrower_ID,successful,unsuccessful,total_predicted_success,total_lo,TAx
Ath15,1,1,0.7430560043913995,2,-0.2569439956086005
Ath16,3,2,3.601564934588911,5,0.6015649345889109
Ath2,39,12,40.161407124790564,51,1.1614071247905642
Ath30,30,17,33.47298929701783,47,3.4729892970178327
