Thrower_ID,successful,unsuccessful,total_predicted_success,total_lo,TAx
Ath15,1,0,0.4629936225831278,1,-0.5370063774168722
Ath16,3,2,3.4556500895366074,5,0.45565008953660735
Ath2,20,7,20.33321241571362,27,0.33321241571362137
Ath30,13,4,12.687820161804694,17,-0.3121798381953056
