Thrower_ID,successful,unsuccessful,total_predicted_success,total_lo,TAx
Ath15,1,1,0.6497532794833467,2,-0.3502467205166533
Ath16,3,2,3.5294490715087266,5,0.5294490715087266
Ath2,32,11,32.625604370879444,43,0.6256043708794436
Ath30,30,17,32.69406533803975,47,2.6940653380397492
