Thrower_ID,successful,unsuccessful,total_predicted_success,total_lo,TAx
Ath15,1,1,0.845619169457478,2,-0.15438083054252205
Ath16,3,2,3.592894006079469,5,0.5928940060794692
Ath2,41,15,42.17024695615531,56,1.1702469561553102
Ath30,51,21,50.195463834601206,72,-0.8045361653987939
